start,end,text
"[47.608222, -122.334897]","[47.610146, -122.336646]",Fallen Power Line
"[47.607477, -122.33421]","[47.606116, -122.337564]",
"[47.60973, -122.33782]","[47.610663, -122.335567]",Collision
